Workbook

Sheet Dashboard
A1: Guillotine Command Centre — 2026
A2: 18 teams · Full PPR · $1,000 FAAB · one team chopped every week · champion crowned after Week 17
A3: Fill in the two yellow cells below, then keep the FAAB Log and Weekly Results tabs up to date. Everything else calculates itself.
A5: Starting FAAB budget | B5: 1000 | D5: ← type your league's budget | G5: Blue text on yellow = you type it. Black = calculated. Green = pulled from the Reference tab.
A6: Current NFL week | B6: 1 | D6: ← update this every Tuesday
A8: WHERE YOU STAND | D8: BID CEILINGS BY TIER
A9: Teams still alive | B9: =IFERROR(INDEX(Reference!$B$5:$B$21,MATCH($B$6,Reference!$A$5:$A$21,0)),"") -> 18 | D9: For the current week, based on the week number above.
A10: Chopped players in the pool | B10: =IFERROR(INDEX(Reference!$C$5:$C$21,MATCH($B$6,Reference!$A$5:$A$21,0)),"") -> 0 | D10: Tier | E10: Max bid now
A11: Stage of the season | B11: =IFERROR(INDEX(Reference!$E$5:$E$21,MATCH($B$6,Reference!$A$5:$A$21,0)),"") -> Survive | D11: Elite | E11: =IFERROR(INDEX(Reference!$C$61:$F$65,MATCH($D11,Reference!$A$61:$A$65,0),IF($B$6<=4,1,IF($B$6<=9,2,IF($B$6<=13,3,4)))),"") -> 250
A12: Teams on bye this week | B12: =IFERROR(INDEX(Reference!$D$5:$D$21,MATCH($B$6,Reference!$A$5:$A$21,0)),"") -> none | D12: Real starter | E12: =IFERROR(INDEX(Reference!$C$61:$F$65,MATCH($D12,Reference!$A$61:$A$65,0),IF($B$6<=4,1,IF($B$6<=9,2,IF($B$6<=13,3,4)))),"") -> 75
D13: Patch | E13: =IFERROR(INDEX(Reference!$C$61:$F$65,MATCH($D13,Reference!$A$61:$A$65,0),IF($B$6<=4,1,IF($B$6<=9,2,IF($B$6<=13,3,4)))),"") -> 25
A14: THE MONEY | D14: Streamer | E14: =IFERROR(INDEX(Reference!$C$61:$F$65,MATCH($D14,Reference!$A$61:$A$65,0),IF($B$6<=4,1,IF($B$6<=9,2,IF($B$6<=13,3,4)))),"") -> 8
A15: Spent so far | B15: =SUMIFS('FAAB Log'!$E$5:$E$124,'FAAB Log'!$F$5:$F$124,"Y") -> 0 | D15: Handcuff | E15: =IFERROR(INDEX(Reference!$C$61:$F$65,MATCH($D15,Reference!$A$61:$A$65,0),IF($B$6<=4,1,IF($B$6<=9,2,IF($B$6<=13,3,4)))),"") -> 3
A16: Budget remaining | B16: =$B$5-$B$15 -> 1000
A17: % of budget remaining | B17: =IFERROR($B$16/$B$5,0) -> 1 | D17: Then adjust: if you would be bottom-five this week, bid the ceiling. If you are comfortably mid-pack, bid the low end or nothing at all.
A18: Target remaining, this week | B18: =IFERROR(INDEX(Reference!$F$5:$F$21,MATCH($B$6,Reference!$A$5:$A$21,0)),"") -> 1000
A19: Variance vs. target | B19: =IF($B$18="","",$B$16-$B$18) -> 0
A21: Verdict | B21: =IF($B$19="","Enter the current week above.",IF(AND($B$6>=14,$B$16>150),"SPEND IT ALL. Money you carry past your final week is money you wasted.",IF($B$19<-150,"OVERSPENT. You are burning budget faster than the curve. Bid only on genuine starters from here.",IF($B$19>250,"HOARDING. The chop line rises every week and you are standing still. Start buying real starters now.","On pace. Keep bidding to the tier ceilings on the Bid Guide.")))) -> On pace. Keep bidding to the tier ceilings on the Bid Guide.
A23: HOW YOU ARE SCORING
A24: Weeks survived | B24: =COUNTIFS('Weekly Results'!$B$5:$B$21,">0") -> 0
A25: Average margin over the chop | B25: =IF(COUNT('Weekly Results'!$E$5:$E$21)=0,"",AVERAGE('Weekly Results'!$E$5:$E$21))
A26: Closest call so far | B26: =IF(COUNT('Weekly Results'!$E$5:$E$21)=0,"",MIN('Weekly Results'!$E$5:$E$21))
A27: Danger weeks (margin under 10) | B27: =COUNTIFS('Weekly Results'!$E$5:$E$21,"<10",'Weekly Results'!$E$5:$E$21,">-9999") -> 0
A29: Sunday 11:00 AM ET — check every starter against the inactive list.
A30: More guillotine teams are eliminated by a player who did not play than by a bad draft. Set the alarm.

Sheet Reference
A1: Reference tables — do not edit
A2: Everything on the other tabs looks values up from here.
A4: Week | B4: Teams alive | C4: Chopped players in pool | D4: Teams on bye | E4: Stage | F4: Target $ left at start of week
A5: 1 | B5: 18 | C5: 0 | D5: none | E5: Survive | F5: 1000
A6: 2 | B6: 17 | C6: 14 | D6: none | E6: Survive | F6: 975
A7: 3 | B7: 16 | C7: 28 | D7: none | E7: Survive | F7: 950
A8: 4 | B8: 15 | C8: 42 | D8: none | E8: Survive | F8: 900
A9: 5 | B9: 14 | C9: 56 | D9: KC, CAR | E9: Navigate | F9: 850
A10: 6 | B10: 13 | C10: 70 | D10: CIN, DET, MIA, MIN | E10: Navigate | F10: 820
A11: 7 | B11: 12 | C11: 84 | D11: BUF, JAX, LAC, WSH | E11: Navigate | F11: 780
A12: 8 | B12: 11 | C12: 98 | D12: HOU, NO, NYG, SF | E12: Navigate | F12: 740
A13: 9 | B13: 10 | C13: 112 | D13: PIT, TEN | E13: Navigate | F13: 700
A14: 10 | B14: 9 | C14: 126 | D14: CHI, DEN, PHI, TB | E14: Pivot | F14: 650
A15: 11 | B15: 8 | C15: 140 | D15: ATL, CLE, GB, LAR, NE, SEA | E15: Pivot | F15: 550
A16: 12 | B16: 7 | C16: 154 | D16: none (Thanksgiving) | E16: Pivot | F16: 450
... A21: 17 | B21: 2 | C21: 224 | D21: none | E21: Empty tank — champion crowned | F21: 0
A24: NFL team | B24: Bye week | D24: 2026 bye weeks, all 32 teams.
A25: ARI | B25: 14 | D25: Source: NFL.com 2026 schedule release.
A26: ATL | B26: 11
A27: BAL | B27: 13
A28: BUF | B28: 7
A29: CAR | B29: 5
A30: CHI | B30: 10
A31: CIN | B31: 6
A32: CLE | B32: 11
A33: DAL | B33: 14
A34: DEN | B34: 10
A35: DET | B35: 6
A36: GB | B36: 11
A37: HOU | B37: 8
... A56: WSH | B56: 7
A60: Tier | B60: What it means | C60: Max bid Wk 1-4 | D60: Max bid Wk 5-9 | E60: Max bid Wk 10-13 | F60: Max bid Wk 14-17
A61: Elite | B61: Top-15 overall. Wins you weeks for the rest of the season. | C61: 250 | D61: 200 | E61: 175 | F61: 9999
A62: Real starter | B62: Would start on your team every week from now on. | C62: 75 | D62: 125 | E62: 150 | F62: 9999
A63: Patch | B63: Covers a bye or an injury for 2-4 weeks. | C63: 25 | D63: 40 | E63: 60 | F63: 9999
A64: Streamer | B64: One good matchup, then droppable. | C64: 8 | D64: 15 | E64: 25 | F64: 9999
A65: Handcuff | B65: Insurance body / lottery ticket. | C65: 3 | D65: 5 | E65: 10 | F65: 15
A67: Wk 14-17 shows $9,999 to mean "no ceiling" — by then, money you do not spend is money you wasted.
A68: Source: bid ranges adapted from RotoWire and Fantasy Life guillotine FAAB analysis; see the playbook for the full reasoning.

Sheet FAAB Log
A1: FAAB Log
A2: Log every bid you place — won or lost. Yellow cells are yours to fill in. Losing bids matter: they tell you what the market costs.
A4: Week | B4: Player | C4: Pos | D4: Tier | E4: Bid $ | F4: Won? (Y/N) | G4: Max bid allowed | H4: Over ceiling? | I4: $ left after | J4: Notes
A5: 2 | B5: (example) J. Doe | C5: RB | D5: Patch | E5: 21 | F5: N | G5: =IF(OR($A5="",$D5=""),"",INDEX(Reference!$C$61:$F$65,MATCH($D5,Reference!$A$61:$A$65,0),IF($A5<=4,1,IF($A5<=9,2,IF($A5<=13,3,4))))) -> 25 | H5: =IF(OR($E5="",$G5=""),"",IF($E5>$G5,"OVER","ok")) -> ok | I5: =IF($A5="","",Dashboard!$B$5-SUMIFS($E$5:$E5,$F$5:$F5,"Y")) -> 1000 | J5: Example row — overwrite it. Bid odd numbers ($21, not $20): ties lose players.
G6: =IF(OR($A6="",$D6=""),"",INDEX(Reference!$C$61:$F$65,MATCH($D6,Reference!$A$61:$A$65,0),IF($A6<=4,1,IF($A6<=9,2,IF($A6<=13,3,4))))) | H6: =IF(OR($E6="",$G6=""),"",IF($E6>$G6,"OVER","ok")) | I6: =IF($A6="","",Dashboard!$B$5-SUMIFS($E$5:$E6,$F$5:$F6,"Y"))
G7: =IF(OR($A7="",$D7=""),"",INDEX(Reference!$C$61:$F$65,MATCH($D7,Reference!$A$61:$A$65,0),IF($A7<=4,1,IF($A7<=9,2,IF($A7<=13,3,4))))) | H7: =IF(OR($E7="",$G7=""),"",IF($E7>$G7,"OVER","ok")) | I7: =IF($A7="","",Dashboard!$B$5-SUMIFS($E$5:$E7,$F$5:$F7,"Y"))
G8: =IF(OR($A8="",$D8=""),"",INDEX(Reference!$C$61:$F$65,MATCH($D8,Reference!$A$61:$A$65,0),IF($A8<=4,1,IF($A8<=9,2,IF($A8<=13,3,4))))) | H8: =IF(OR($E8="",$G8=""),"",IF($E8>$G8,"OVER","ok")) | I8: =IF($A8="","",Dashboard!$B$5-SUMIFS($E$5:$E8,$F$5:$F8,"Y"))
G9: =IF(OR($A9="",$D9=""),"",INDEX(Reference!$C$61:$F$65,MATCH($D9,Reference!$A$61:$A$65,0),IF($A9<=4,1,IF($A9<=9,2,IF($A9<=13,3,4))))) | H9: =IF(OR($E9="",$G9=""),"",IF($E9>$G9,"OVER","ok")) | I9: =IF($A9="","",Dashboard!$B$5-SUMIFS($E$5:$E9,$F$5:$F9,"Y"))
G10: =IF(OR($A10="",$D10=""),"",INDEX(Reference!$C$61:$F$65,MATCH($D10,Reference!$A$61:$A$65,0),IF($A10<=4,1,IF($A10<=9,2,IF($A10<=13,3,4))))) | H10: =IF(OR($E10="",$G10=""),"",IF($E10>$G10,"OVER","ok")) | I10: =IF($A10="","",Dashboard!$B$5-SUMIFS($E$5:$E10,$F$5:$F10,"Y"))
G11: =IF(OR($A11="",$D11=""),"",INDEX(Reference!$C$61:$F$65,MATCH($D11,Reference!$A$61:$A$65,0),IF($A11<=4,1,IF($A11<=9,2,IF($A11<=13,3,4))))) | H11: =IF(OR($E11="",$G11=""),"",IF($E11>$G11,"OVER","ok")) | I11: =IF($A11="","",Dashboard!$B$5-SUMIFS($E$5:$E11,$F$5:$F11,"Y"))
G12: =IF(OR($A12="",$D12=""),"",INDEX(Reference!$C$61:$F$65,MATCH($D12,Reference!$A$61:$A$65,0),IF($A12<=4,1,IF($A12<=9,2,IF($A12<=13,3,4))))) | H12: =IF(OR($E12="",$G12=""),"",IF($E12>$G12,"OVER","ok")) | I12: =IF($A12="","",Dashboard!$B$5-SUMIFS($E$5:$E12,$F$5:$F12,"Y"))
G13: =IF(OR($A13="",$D13=""),"",INDEX(Reference!$C$61:$F$65,MATCH($D13,Reference!$A$61:$A$65,0),IF($A13<=4,1,IF($A13<=9,2,IF($A13<=13,3,4))))) | H13: =IF(OR($E13="",$G13=""),"",IF($E13>$G13,"OVER","ok")) | I13: =IF($A13="","",Dashboard!$B$5-SUMIFS($E$5:$E13,$F$5:$F13,"Y"))
G14: =IF(OR($A14="",$D14=""),"",INDEX(Reference!$C$61:$F$65,MATCH($D14,Reference!$A$61:$A$65,0),IF($A14<=4,1,IF($A14<=9,2,IF($A14<=13,3,4))))) | H14: =IF(OR($E14="",$G14=""),"",IF($E14>$G14,"OVER","ok")) | I14: =IF($A14="","",Dashboard!$B$5-SUMIFS($E$5:$E14,$F$5:$F14,"Y"))
G15: =IF(OR($A15="",$D15=""),"",INDEX(Reference!$C$61:$F$65,MATCH($D15,Reference!$A$61:$A$65,0),IF($A15<=4,1,IF($A15<=9,2,IF($A15<=13,3,4))))) | H15: =IF(OR($E15="",$G15=""),"",IF($E15>$G15,"OVER","ok")) | I15: =IF($A15="","",Dashboard!$B$5-SUMIFS($E$5:$E15,$F$5:$F15,"Y"))
G16: =IF(OR($A16="",$D16=""),"",INDEX(Reference!$C$61:$F$65,MATCH($D16,Reference!$A$61:$A$65,0),IF($A16<=4,1,IF($A16<=9,2,IF($A16<=13,3,4))))) | H16: =IF(OR($E16="",$G16=""),"",IF($E16>$G16,"OVER","ok")) | I16: =IF($A16="","",Dashboard!$B$5-SUMIFS($E$5:$E16,$F$5:$F16,"Y"))
G17: =IF(OR($A17="",$D17=""),"",INDEX(Reference!$C$61:$F$65,MATCH($D17,Reference!$A$61:$A$65,0),IF($A17<=4,1,IF($A17<=9,2,IF($A17<=13,3,4))))) | H17: =IF(OR($E17="",$G17=""),"",IF($E17>$G17,"OVER","ok")) | I17: =IF($A17="","",Dashboard!$B$5-SUMIFS($E$5:$E17,$F$5:$F17,"Y"))
... G124: =IF(OR($A124="",$D124=""),"",INDEX(Reference!$C$61:$F$65,MATCH($D124,Reference!$A$61:$A$65,0),IF($A124<=4,1,IF($A124<=9,2,IF($A124<=13,3,4))))) | H124: =IF(OR($E124="",$G124=""),"",IF($E124>$G124,"OVER","ok")) | I124: =IF($A124="","",Dashboard!$B$5-SUMIFS($E$5:$E124,$F$5:$F124,"Y"))

Sheet Weekly Results
A1: Weekly Results
A2: Fill this in every Monday night. The 'chop line' is the score of the team that got eliminated — the lowest score in the league that week.
A4: Week | B4: My score | C4: Chop line (lowest score) | D4: League median | E4: My margin over the chop | F4: Safety | G4: Team eliminated | H4: Notes
A5: 1 | E5: =IF(OR($B5="",$C5=""),"",$B5-$C5) | F5: =IF($E5="","",IF($E5<=10,"DANGER",IF($E5<=25,"Close","Safe")))
A6: 2 | E6: =IF(OR($B6="",$C6=""),"",$B6-$C6) | F6: =IF($E6="","",IF($E6<=10,"DANGER",IF($E6<=25,"Close","Safe")))
A7: 3 | E7: =IF(OR($B7="",$C7=""),"",$B7-$C7) | F7: =IF($E7="","",IF($E7<=10,"DANGER",IF($E7<=25,"Close","Safe")))
A8: 4 | E8: =IF(OR($B8="",$C8=""),"",$B8-$C8) | F8: =IF($E8="","",IF($E8<=10,"DANGER",IF($E8<=25,"Close","Safe")))
A9: 5 | E9: =IF(OR($B9="",$C9=""),"",$B9-$C9) | F9: =IF($E9="","",IF($E9<=10,"DANGER",IF($E9<=25,"Close","Safe")))
A10: 6 | E10: =IF(OR($B10="",$C10=""),"",$B10-$C10) | F10: =IF($E10="","",IF($E10<=10,"DANGER",IF($E10<=25,"Close","Safe")))
A11: 7 | E11: =IF(OR($B11="",$C11=""),"",$B11-$C11) | F11: =IF($E11="","",IF($E11<=10,"DANGER",IF($E11<=25,"Close","Safe")))
A12: 8 | E12: =IF(OR($B12="",$C12=""),"",$B12-$C12) | F12: =IF($E12="","",IF($E12<=10,"DANGER",IF($E12<=25,"Close","Safe")))
A13: 9 | E13: =IF(OR($B13="",$C13=""),"",$B13-$C13) | F13: =IF($E13="","",IF($E13<=10,"DANGER",IF($E13<=25,"Close","Safe")))
A14: 10 | E14: =IF(OR($B14="",$C14=""),"",$B14-$C14) | F14: =IF($E14="","",IF($E14<=10,"DANGER",IF($E14<=25,"Close","Safe")))
A15: 11 | E15: =IF(OR($B15="",$C15=""),"",$B15-$C15) | F15: =IF($E15="","",IF($E15<=10,"DANGER",IF($E15<=25,"Close","Safe")))
A16: 12 | E16: =IF(OR($B16="",$C16=""),"",$B16-$C16) | F16: =IF($E16="","",IF($E16<=10,"DANGER",IF($E16<=25,"Close","Safe")))
... A21: 17 | E21: =IF(OR($B21="",$C21=""),"",$B21-$C21) | F21: =IF($E21="","",IF($E21<=10,"DANGER",IF($E21<=25,"Close","Safe")))
A23: Margin under 10 points means you were one injury away from being eliminated. Two DANGER weeks in a row means spend FAAB now, whatever the budget curve says.

Sheet My Roster
A1: My Roster
A2: Type the NFL team code (DET, SEA, KC…) and the bye week fills itself in. The bye-week summary underneath shows where you are stacked up.
A4: Slot | B4: Player | C4: Pos | D4: NFL team | E4: Bye week | F4: Acquired | G4: Cost $ | H4: Notes
A5: QB | E5: =IF($D5="","",IFERROR(INDEX(Reference!$B$25:$B$56,MATCH($D5,Reference!$A$25:$A$56,0)),"?"))
A6: RB1 | E6: =IF($D6="","",IFERROR(INDEX(Reference!$B$25:$B$56,MATCH($D6,Reference!$A$25:$A$56,0)),"?"))
A7: RB2 | E7: =IF($D7="","",IFERROR(INDEX(Reference!$B$25:$B$56,MATCH($D7,Reference!$A$25:$A$56,0)),"?"))
A8: WR1 | E8: =IF($D8="","",IFERROR(INDEX(Reference!$B$25:$B$56,MATCH($D8,Reference!$A$25:$A$56,0)),"?"))
A9: WR2 | E9: =IF($D9="","",IFERROR(INDEX(Reference!$B$25:$B$56,MATCH($D9,Reference!$A$25:$A$56,0)),"?"))
A10: TE | E10: =IF($D10="","",IFERROR(INDEX(Reference!$B$25:$B$56,MATCH($D10,Reference!$A$25:$A$56,0)),"?"))
A11: FLEX | E11: =IF($D11="","",IFERROR(INDEX(Reference!$B$25:$B$56,MATCH($D11,Reference!$A$25:$A$56,0)),"?"))
A12: BN1 | E12: =IF($D12="","",IFERROR(INDEX(Reference!$B$25:$B$56,MATCH($D12,Reference!$A$25:$A$56,0)),"?"))
A13: BN2 | E13: =IF($D13="","",IFERROR(INDEX(Reference!$B$25:$B$56,MATCH($D13,Reference!$A$25:$A$56,0)),"?"))
A14: BN3 | E14: =IF($D14="","",IFERROR(INDEX(Reference!$B$25:$B$56,MATCH($D14,Reference!$A$25:$A$56,0)),"?"))
A15: BN4 | E15: =IF($D15="","",IFERROR(INDEX(Reference!$B$25:$B$56,MATCH($D15,Reference!$A$25:$A$56,0)),"?"))
A16: BN5 | E16: =IF($D16="","",IFERROR(INDEX(Reference!$B$25:$B$56,MATCH($D16,Reference!$A$25:$A$56,0)),"?"))
... A18: BN7 | E18: =IF($D18="","",IFERROR(INDEX(Reference!$B$25:$B$56,MATCH($D18,Reference!$A$25:$A$56,0)),"?"))
A21: Bye week exposure
A22: How many of your 14 players are off that week. Anything over 4 in one week is a real problem — plan FAAB for it.
A23: Week | B23: 5 | C23: 6 | D23: 7 | E23: 8 | F23: 9 | G23: 10 | H23: 11 | I23: 13 | J23: 14
A24: Players out | B24: =COUNTIFS($E$5:$E$18,5) -> 0 | C24: =COUNTIFS($E$5:$E$18,6) -> 0 | D24: =COUNTIFS($E$5:$E$18,7) -> 0 | E24: =COUNTIFS($E$5:$E$18,8) -> 0 | F24: =COUNTIFS($E$5:$E$18,9) -> 0 | G24: =COUNTIFS($E$5:$E$18,10) -> 0 | H24: =COUNTIFS($E$5:$E$18,11) -> 0 | I24: =COUNTIFS($E$5:$E$18,13) -> 0 | J24: =COUNTIFS($E$5:$E$18,14) -> 0
